kind,sample,x,y,value
mean,0,0.000000,0.000000,0.024090
mean,0,0.052632,0.000000,0.036137
mean,0,0.105263,0.000000,0.051500
mean,0,0.157895,0.000000,0.033587
mean,0,0.210526,0.000000,0.017024
mean,0,0.263158,0.000000,0.007928
mean,0,0.315789,0.000000,0.004113
mean,0,0.368421,0.000000,0.003397
mean,0,0.421053,0.000000,0.004756
mean,0,0.473684,0.000000,0.007529
mean,0,0.526316,0.000000,0.009761
mean,0,0.578947,0.000000,0.007354
mean,0,0.631579,0.000000,0.004244
mean,0,0.684211,0.000000,0.002082
mean,0,0.736842,0.000000,0.000864
mean,0,0.789474,0.000000,0.000208
mean,0,0.842105,0.000000,-0.000180
mean,0,0.894737,0.000000,-0.000446
mean,0,0.947368,0.000000,-0.000622
mean,0,1.000000,0.000000,-0.000695
mean,0,0.000000,0.052632,0.036132
mean,0,0.052632,0.052632,0.068960
mean,0,0.105263,0.052632,0.136275
mean,0,0.157895,0.052632,0.065824
mean,0,0.210526,0.052632,0.026581
mean,0,0.263158,0.052632,0.010576
mean,0,0.315789,0.052632,0.005126
mean,0,0.368421,0.052632,0.004720
mean,0,0.421053,0.052632,0.008098
mean,0,0.473684,0.052632,0.015598
mean,0,0.526316,0.052632,0.024162
mean,0,0.578947,0.052632,0.015412
mean,0,0.631579,0.052632,0.007539
mean,0,0.684211,0.052632,0.003222
mean,0,0.736842,0.052632,0.001164
mean,0,0.789474,0.052632,0.000149
mean,0,0.842105,0.052632,-0.000482
mean,0,0.894737,0.052632,-0.000983
mean,0,0.947368,0.052632,-0.001346
mean,0,1.000000,0.052632,-0.001463
mean,0,0.000000,0.105263,0.051477
mean,0,0.052632,0.105263,0.136256
mean,0,0.105263,0.105263,0.495090
mean,0,0.157895,0.105263,0.132676
mean,0,0.210526,0.105263,0.039483
mean,0,0.263158,0.105263,0.013245
mean,0,0.315789,0.105263,0.006220
mean,0,0.368421,0.105263,0.006981
mean,0,0.421053,0.105263,0.015414
mean,0,0.473684,0.105263,0.038200
mean,0,0.526316,0.105263,0.080041
mean,0,0.578947,0.105263,0.038006
mean,0,0.631579,0.105263,0.014818
mean,0,0.684211,0.105263,0.005323
mean,0,0.736842,0.105263,0.001585
mean,0,0.789474,0.105263,-0.000148
mean,0,0.842105,0.105263,-0.001393
mean,0,0.894737,0.105263,-0.002642
mean,0,0.947368,0.105263,-0.003662
mean,0,1.000000,0.105263,-0.003812
mean,0,0.000000,0.157895,0.033521
mean,0,0.052632,0.157895,0.065754
mean,0,0.105263,0.157895,0.132616
mean,0,0.157895,0.157895,0.062984
mean,0,0.210526,0.157895,0.024912
mean,0,0.263158,0.157895,0.009945
mean,0,0.315789,0.157895,0.005749
mean,0,0.368421,0.157895,0.008551
mean,0,0.421053,0.157895,0.023792
mean,0,0.473684,0.157895,0.079947
mean,0,0.526316,0.157895,0.299835
mean,0,0.578947,0.157895,0.079759
mean,0,0.631579,0.157895,0.023219
mean,0,0.684211,0.157895,0.006993
mean,0,0.736842,0.157895,0.001586
mean,0,0.789474,0.157895,-0.001079
mean,0,0.842105,0.157895,-0.003694
mean,0,0.894737,0.157895,-0.007175
mean,0,0.947368,0.157895,-0.010507
mean,0,1.000000,0.157895,-0.010123
mean,0,0.000000,0.210526,0.016851
mean,0,0.052632,0.210526,0.026379
mean,0,0.105263,0.210526,0.039250
mean,0,0.157895,0.210526,0.024714
mean,0,0.210526,0.210526,0.012150
mean,0,0.263158,0.210526,0.005821
mean,0,0.315789,0.210526,0.004030
mean,0,0.368421,0.210526,0.006231
mean,0,0.421053,0.210526,0.015047
mean,0,0.473684,0.210526,0.037909
mean,0,0.526316,0.210526,0.079756
mean,0,0.578947,0.210526,0.037737
mean,0,0.631579,0.210526,0.014526
mean,0,0.684211,0.210526,0.004836
mean,0,0.736842,0.210526,0.000429
mean,0,0.789474,0.210526,-0.003138
mean,0,0.842105,0.210526,-0.008822
mean,0,0.894737,0.210526,-0.019030
mean,0,0.947368,0.210526,-0.031576
mean,0,1.000000,0.210526,-0.026174
mean,0,0.000000,0.263158,0.007506
mean,0,0.052632,0.263158,0.010038
mean,0,0.105263,0.263158,0.012542
mean,0,0.157895,0.263158,0.009187
mean,0,0.210526,0.263158,0.005302
mean,0,0.263158,0.263158,0.002977
mean,0,0.315789,0.263158,0.002351
mean,0,0.368421,0.263158,0.003526
mean,0,0.421053,0.263158,0.007306
mean,0,0.473684,0.263158,0.014793
mean,0,0.526316,0.263158,0.023300
mean,0,0.578947,0.263158,0.014643
mean,0,0.631579,0.263158,0.006838
mean,0,0.684211,0.263158,0.002231
mean,0,0.736842,0.263158,-0.001137
mean,0,0.789474,0.263158,-0.006221
mean,0,0.842105,0.263158,-0.018248
mean,0,0.894737,0.263158,-0.047576
mean,0,0.947368,0.263158,-0.102171
mean,0,1.000000,0.263158,-0.062995
mean,0,0.000000,0.315789,0.003134
mean,0,0.052632,0.315789,0.003764
mean,0,0.105263,0.315789,0.004235
mean,0,0.157895,0.315789,0.003376
mean,0,0.210526,0.315789,0.002199
mean,0,0.263158,0.315789,0.001410
mean,0,0.315789,0.315789,0.001222
mean,0,0.368421,0.315789,0.001744
mean,0,0.421053,0.315789,0.003161
mean,0,0.473684,0.315789,0.005451
mean,0,0.526316,0.315789,0.007306
mean,0,0.578947,0.315789,0.005341
mean,0,0.631579,0.315789,0.002790
mean,0,0.684211,0.315789,0.000619
mean,0,0.736842,0.315789,-0.002124
mean,0,0.789474,0.315789,-0.008581
mean,0,0.842105,0.315789,-0.028621
mean,0,0.894737,0.315789,-0.098432
mean,0,0.947368,0.315789,-0.368706
mean,0,1.000000,0.315789,-0.123637
mean,0,0.000000,0.368421,0.001265
mean,0,0.052632,0.368421,0.001415
mean,0,0.105263,0.368421,0.001495
mean,0,0.157895,0.368421,0.001258
mean,0,0.210526,0.368421,0.000906
mean,0,0.263158,0.368421,0.000653
mean,0,0.315789,0.368421,0.000603
mean,0,0.368421,0.368421,0.000810
mean,0,0.421053,0.368421,0.001305
mean,0,0.473684,0.368421,0.001994
mean,0,0.526316,0.368421,0.002439
mean,0,0.578947,0.368421,0.001966
mean,0,0.631579,0.368421,0.001154
mean,0,0.684211,0.368421,0.000195
mean,0,0.736842,0.368421,-0.001522
mean,0,0.789474,0.368421,-0.005938
mean,0,0.842105,0.368421,-0.017843
mean,0,0.894737,0.368421,-0.047259
mean,0,0.947368,0.368421,-0.101962
mean,0,1.000000,0.368421,-0.062849
mean,0,0.000000,0.421053,0.000511
mean,0,0.052632,0.421053,0.000549
mean,0,0.105263,0.421053,0.000568
mean,0,0.157895,0.421053,0.000511
mean,0,0.210526,0.421053,0.000419
mean,0,0.263158,0.421053,0.000347
mean,0,0.315789,0.421053,0.000332
mean,0,0.368421,0.421053,0.000399
mean,0,0.421053,0.421053,0.000560
mean,0,0.473684,0.421053,0.000776
mean,0,0.526316,0.421053,0.000928
mean,0,0.578947,0.421053,0.000897
mean,0,0.631579,0.421053,0.000817
mean,0,0.684211,0.421053,0.000726
mean,0,0.736842,0.421053,0.000258
mean,0,0.789474,0.421053,-0.001744
mean,0,0.842105,0.421053,-0.007398
mean,0,0.894737,0.421053,-0.018058
mean,0,0.947368,0.421053,-0.030998
mean,0,1.000000,0.421053,-0.025794
mean,0,0.000000,0.473684,0.000230
mean,0,0.052632,0.473684,0.000252
mean,0,0.105263,0.473684,0.000284
mean,0,0.157895,0.473684,0.000311
mean,0,0.210526,0.473684,0.000330
mean,0,0.263158,0.473684,0.000331
mean,0,0.315789,0.473684,0.000309
mean,0,0.368421,0.473684,0.000294
mean,0,0.421053,0.473684,0.000319
mean,0,0.473684,0.473684,0.000396
mean,0,0.526316,0.473684,0.000530
mean,0,0.578947,0.473684,0.000773
mean,0,0.631579,0.473684,0.001309
mean,0,0.684211,0.473684,0.002359
mean,0,0.736842,0.473684,0.003832
mean,0,0.789474,0.473684,0.004359
mean,0,0.842105,0.473684,0.000656
mean,0,0.894737,0.473684,-0.004635
mean,0,0.947368,0.473684,-0.009177
mean,0,1.000000,0.473684,-0.009331
mean,0,0.000000,0.526316,0.000155
mean,0,0.052632,0.526316,0.000199
mean,0,0.105263,0.526316,0.000291
mean,0,0.157895,0.526316,0.000430
mean,0,0.210526,0.526316,0.000588
mean,0,0.263158,0.526316,0.000672
mean,0,0.315789,0.526316,0.000587
mean,0,0.368421,0.526316,0.000442
mean,0,0.421053,0.526316,0.000346
mean,0,0.473684,0.526316,0.000357
mean,0,0.526316,0.526316,0.000551
mean,0,0.578947,0.526316,0.001129
mean,0,0.631579,0.526316,0.002597
mean,0,0.684211,0.526316,0.005928
mean,0,0.736842,0.526316,0.012182
mean,0,0.789474,0.526316,0.019051
mean,0,0.842105,0.526316,0.010952
mean,0,0.894737,0.526316,0.003406
mean,0,0.947368,0.526316,-0.000922
mean,0,1.000000,0.526316,-0.002351
mean,0,0.000000,0.578947,0.000191
mean,0,0.052632,0.578947,0.000296
mean,0,0.105263,0.578947,0.000541
mean,0,0.157895,0.578947,0.000962
mean,0,0.210526,0.578947,0.001506
mean,0,0.263158,0.578947,0.001853
mean,0,0.315789,0.578947,0.001512
mean,0,0.368421,0.578947,0.000984
mean,0,0.421053,0.578947,0.000610
mean,0,0.473684,0.578947,0.000492
mean,0,0.526316,0.578947,0.000738
mean,0,0.578947,0.578947,0.001725
mean,0,0.631579,0.578947,0.004617
mean,0,0.684211,0.578947,0.012504
mean,0,0.736842,0.578947,0.032098
mean,0,0.789474,0.578947,0.067760
mean,0,0.842105,0.578947,0.031648
mean,0,0.894737,0.578947,0.011635
mean,0,0.947368,0.578947,0.003512
mean,0,1.000000,0.578947,0.000847
mean,0,0.000000,0.631579,0.000312
mean,0,0.052632,0.631579,0.000551
mean,0,0.105263,0.631579,0.001154
mean,0,0.157895,0.631579,0.002334
mean,0,0.210526,0.631579,0.004128
mean,0,0.263158,0.631579,0.005576
mean,0,0.315789,0.631579,0.004136
mean,0,0.368421,0.631579,0.002358
mean,0,0.421053,0.631579,0.001225
mean,0,0.473684,0.631579,0.000758
mean,0,0.526316,0.631579,0.000920
mean,0,0.578947,0.631579,0.002141
mean,0,0.631579,0.631579,0.006259
mean,0,0.684211,0.631579,0.019877
mean,0,0.736842,0.631579,0.068046
mean,0,0.789474,0.631579,0.256004
mean,0,0.842105,0.631579,0.067893
mean,0,0.894737,0.631579,0.019607
mean,0,0.947368,0.631579,0.006000
mean,0,1.000000,0.631579,0.002228
mean,0,0.000000,0.684211,0.000507
mean,0,0.052632,0.684211,0.000991
mean,0,0.105263,0.684211,0.002343
mean,0,0.157895,0.684211,0.005426
mean,0,0.210526,0.684211,0.011225
mean,0,0.263158,0.684211,0.017763
mean,0,0.315789,0.684211,0.011231
mean,0,0.368421,0.684211,0.005447
mean,0,0.421053,0.684211,0.002401
mean,0,0.473684,0.684211,0.001152
mean,0,0.526316,0.684211,0.000963
mean,0,0.578947,0.684211,0.001800
mean,0,0.631579,0.684211,0.004660
mean,0,0.684211,0.684211,0.012575
mean,0,0.736842,0.684211,0.032252
mean,0,0.789474,0.684211,0.068069
mean,0,0.842105,0.684211,0.032205
mean,0,0.894737,0.684211,0.012508
mean,0,0.947368,0.684211,0.004653
mean,0,1.000000,0.684211,0.002066
mean,0,0.000000,0.736842,0.000726
mean,0,0.052632,0.736842,0.001555
mean,0,0.105263,0.736842,0.004145
mean,0,0.157895,0.736842,0.011230
mean,0,0.210526,0.736842,0.028806
mean,0,0.263158,0.736842,0.060785
mean,0,0.315789,0.736842,0.028810
mean,0,0.368421,0.736842,0.011243
mean,0,0.421053,0.736842,0.004178
mean,0,0.473684,0.736842,0.001641
mean,0,0.526316,0.736842,0.000941
mean,0,0.578947,0.736842,0.001238
mean,0,0.631579,0.736842,0.002665
mean,0,0.684211,0.736842,0.006087
mean,0,0.736842,0.736842,0.012569
mean,0,0.789474,0.736842,0.019886
mean,0,0.842105,0.736842,0.012556
mean,0,0.894737,0.736842,0.006075
mean,0,0.947368,0.736842,0.002691
mean,0,1.000000,0.736842,0.001384
mean,0,0.000000,0.789474,0.000842
mean,0,0.052632,0.789474,0.001911
mean,0,0.105263,0.789474,0.005597
mean,0,0.157895,0.789474,0.017773
mean,0,0.210526,0.789474,0.060790
mean,0,0.263158,0.789474,0.228545
mean,0,0.315789,0.789474,0.060792
mean,0,0.368421,0.789474,0.017778
mean,0,0.421053,0.789474,0.005608
mean,0,0.473684,0.789474,0.001932
mean,0,0.526316,0.789474,0.000864
mean,0,0.578947,0.789474,0.000783
mean,0,0.631579,0.789474,0.001342
mean,0,0.684211,0.789474,0.002624
mean,0,0.736842,0.789474,0.004620
mean,0,0.789474,0.789474,0.006236
mean,0,0.842105,0.789474,0.004616
mean,0,0.894737,0.789474,0.002619
mean,0,0.947368,0.789474,0.001341
mean,0,1.000000,0.789474,0.000780
mean,0,0.000000,0.842105,0.000731
mean,0,0.052632,0.842105,0.001562
mean,0,0.105263,0.842105,0.004156
mean,0,0.157895,0.842105,0.011246
mean,0,0.210526,0.842105,0.028826
mean,0,0.263158,0.842105,0.060806
mean,0,0.315789,0.842105,0.028827
mean,0,0.368421,0.842105,0.011246
mean,0,0.421053,0.842105,0.004154
mean,0,0.473684,0.842105,0.001547
mean,0,0.526316,0.842105,0.000664
mean,0,0.578947,0.842105,0.000471
mean,0,0.631579,0.842105,0.000637
mean,0,0.684211,0.842105,0.001073
mean,0,0.736842,0.842105,0.001671
mean,0,0.789474,0.842105,0.002056
mean,0,0.842105,0.842105,0.001668
mean,0,0.894737,0.842105,0.001065
mean,0,0.947368,0.842105,0.000614
mean,0,1.000000,0.842105,0.000396
mean,0,0.000000,0.894737,0.000520
mean,0,0.052632,0.894737,0.001010
mean,0,0.105263,0.894737,0.002375
mean,0,0.157895,0.894737,0.005475
mean,0,0.210526,0.894737,0.011289
mean,0,0.263158,0.894737,0.017833
mean,0,0.315789,0.894737,0.011288
mean,0,0.368421,0.894737,0.005473
mean,0,0.421053,0.894737,0.002367
mean,0,0.473684,0.894737,0.000985
mean,0,0.526316,0.894737,0.000439
mean,0,0.578947,0.894737,0.000273
mean,0,0.631579,0.894737,0.000297
mean,0,0.684211,0.894737,0.000432
mean,0,0.736842,0.894737,0.000608
mean,0,0.789474,0.894737,0.000705
mean,0,0.842105,0.894737,0.000605
mean,0,0.894737,0.894737,0.000422
mean,0,0.947368,0.894737,0.000269
mean,0,1.000000,0.894737,0.000188
mean,0,0.000000,0.947368,0.000340
mean,0,0.052632,0.947368,0.000595
mean,0,0.105263,0.947368,0.001233
mean,0,0.157895,0.947368,0.002464
mean,0,0.210526,0.947368,0.004310
mean,0,0.263158,0.947368,0.005781
mean,0,0.315789,0.947368,0.004309
mean,0,0.368421,0.947368,0.002461
mean,0,0.421053,0.947368,0.001224
mean,0,0.473684,0.947368,0.000570
mean,0,0.526316,0.947368,0.000271
mean,0,0.578947,0.947368,0.000160
mean,0,0.631579,0.947368,0.000145
mean,0,0.684211,0.947368,0.000181
mean,0,0.736842,0.947368,0.000231
mean,0,0.789474,0.947368,0.000257
mean,0,0.842105,0.947368,0.000228
mean,0,0.894737,0.947368,0.000171
mean,0,0.947368,0.947368,0.000119
mean,0,1.000000,0.947368,0.000090
mean,0,0.000000,1.000000,0.000244
mean,0,0.052632,1.000000,0.000393
mean,0,0.105263,1.000000,0.000732
mean,0,0.157895,1.000000,0.001303
mean,0,0.210526,1.000000,0.002017
mean,0,0.263158,1.000000,0.002453
mean,0,0.315789,1.000000,0.002016
mean,0,0.368421,1.000000,0.001300
mean,0,0.421053,1.000000,0.000724
mean,0,0.473684,1.000000,0.000370
mean,0,0.526316,1.000000,0.000188
mean,0,0.578947,1.000000,0.000109
mean,0,0.631579,1.000000,0.000087
mean,0,0.684211,1.000000,0.000095
mean,0,0.736842,1.000000,0.000111
mean,0,0.789474,1.000000,0.000119
mean,0,0.842105,1.000000,0.000108
mean,0,0.894737,1.000000,0.000086
mean,0,0.947368,1.000000,0.000064
mean,0,1.000000,1.000000,0.000051
sample,0,0.000000,0.000000,0.311754
sample,0,0.052632,0.000000,0.572414
sample,0,0.105263,0.000000,0.849024
sample,0,0.157895,0.000000,0.507205
sample,0,0.210526,0.000000,0.548591
sample,0,0.263158,0.000000,0.182045
sample,0,0.315789,0.000000,-0.318469
sample,0,0.368421,0.000000,0.233485
sample,0,0.421053,0.000000,0.518229
sample,0,0.473684,0.000000,0.024014
sample,0,0.526316,0.000000,-0.281109
sample,0,0.578947,0.000000,-0.180399
sample,0,0.631579,0.000000,-0.418672
sample,0,0.684211,0.000000,-0.264479
sample,0,0.736842,0.000000,-0.383791
sample,0,0.789474,0.000000,-0.171631
sample,0,0.842105,0.000000,0.121189
sample,0,0.894737,0.000000,0.361702
sample,0,0.947368,0.000000,0.144843
sample,0,1.000000,0.000000,0.323435
sample,0,0.000000,0.052632,-0.393928
sample,0,0.052632,0.052632,-0.031466
sample,0,0.105263,0.052632,0.110855
sample,0,0.157895,0.052632,0.298807
sample,0,0.210526,0.052632,0.508347
sample,0,0.263158,0.052632,0.380225
sample,0,0.315789,0.052632,0.154243
sample,0,0.368421,0.052632,0.186576
sample,0,0.421053,0.052632,0.595836
sample,0,0.473684,0.052632,0.082017
sample,0,0.526316,0.052632,0.089904
sample,0,0.578947,0.052632,-0.192909
sample,0,0.631579,0.052632,-0.618398
sample,0,0.684211,0.052632,-0.415106
sample,0,0.736842,0.052632,-0.189166
sample,0,0.789474,0.052632,0.126964
sample,0,0.842105,0.052632,0.141788
sample,0,0.894737,0.052632,-0.354573
sample,0,0.947368,0.052632,0.089785
sample,0,1.000000,0.052632,-0.014100
sample,0,0.000000,0.105263,-0.354189
sample,0,0.052632,0.105263,0.187717
sample,0,0.105263,0.105263,0.506184
sample,0,0.157895,0.105263,0.167977
sample,0,0.210526,0.105263,0.021958
sample,0,0.263158,0.105263,0.288225
sample,0,0.315789,0.105263,0.112767
sample,0,0.368421,0.105263,-0.229599
sample,0,0.421053,0.105263,-0.297923
sample,0,0.473684,0.105263,0.136100
sample,0,0.526316,0.105263,0.267960
sample,0,0.578947,0.105263,0.096989
sample,0,0.631579,0.105263,-0.234247
sample,0,0.684211,0.105263,-0.173325
sample,0,0.736842,0.105263,-0.004485
sample,0,0.789474,0.105263,-0.110298
sample,0,0.842105,0.105263,0.323722
sample,0,0.894737,0.105263,0.001017
sample,0,0.947368,0.105263,-0.445192
sample,0,1.000000,0.105263,-0.303885
sample,0,0.000000,0.157895,0.249066
sample,0,0.052632,0.157895,0.374707
sample,0,0.105263,0.157895,0.332779
sample,0,0.157895,0.157895,0.095244
sample,0,0.210526,0.157895,-0.160677
sample,0,0.263158,0.157895,0.275507
sample,0,0.315789,0.157895,0.320553
sample,0,0.368421,0.157895,0.112418
sample,0,0.421053,0.157895,0.051789
sample,0,0.473684,0.157895,0.001879
sample,0,0.526316,0.157895,0.287958
sample,0,0.578947,0.157895,0.491623
sample,0,0.631579,0.157895,-0.053970
sample,0,0.684211,0.157895,0.176691
sample,0,0.736842,0.157895,0.476513
sample,0,0.789474,0.157895,0.344886
sample,0,0.842105,0.157895,0.213531
sample,0,0.894737,0.157895,0.055755
sample,0,0.947368,0.157895,-0.462424
sample,0,1.000000,0.157895,-0.108126
sample,0,0.000000,0.210526,0.464744
sample,0,0.052632,0.210526,0.623290
sample,0,0.105263,0.210526,0.327148
sample,0,0.157895,0.210526,-0.004022
sample,0,0.210526,0.210526,0.059868
sample,0,0.263158,0.210526,0.062326
sample,0,0.315789,0.210526,0.077270
sample,0,0.368421,0.210526,-0.113412
sample,0,0.421053,0.210526,-0.030170
sample,0,0.473684,0.210526,-0.229328
sample,0,0.526316,0.210526,-0.175713
sample,0,0.578947,0.210526,0.001119
sample,0,0.631579,0.210526,-0.041696
sample,0,0.684211,0.210526,-0.218678
sample,0,0.736842,0.210526,0.148895
sample,0,0.789474,0.210526,0.404802
sample,0,0.842105,0.210526,0.499022
sample,0,0.894737,0.210526,0.241425
sample,0,0.947368,0.210526,-0.202151
sample,0,1.000000,0.210526,0.139960
sample,0,0.000000,0.263158,0.086123
sample,0,0.052632,0.263158,0.166006
sample,0,0.105263,0.263158,0.354668
sample,0,0.157895,0.263158,0.210035
sample,0,0.210526,0.263158,-0.125921
sample,0,0.263158,0.263158,-0.192456
sample,0,0.315789,0.263158,0.104903
sample,0,0.368421,0.263158,-0.039897
sample,0,0.421053,0.263158,-0.417744
sample,0,0.473684,0.263158,-0.392497
sample,0,0.526316,0.263158,-0.156450
sample,0,0.578947,0.263158,-0.148415
sample,0,0.631579,0.263158,-0.335403
sample,0,0.684211,0.263158,-0.051103
sample,0,0.736842,0.263158,0.203981
sample,0,0.789474,0.263158,0.550129
sample,0,0.842105,0.263158,0.589130
sample,0,0.894737,0.263158,0.302101
sample,0,0.947368,0.263158,-0.291699
sample,0,1.000000,0.263158,-0.121779
sample,0,0.000000,0.315789,0.629060
sample,0,0.052632,0.315789,0.272502
sample,0,0.105263,0.315789,-0.004257
sample,0,0.157895,0.315789,-0.276956
sample,0,0.210526,0.315789,-0.194369
sample,0,0.263158,0.315789,0.291823
sample,0,0.315789,0.315789,0.047912
sample,0,0.368421,0.315789,-0.010819
sample,0,0.421053,0.315789,-0.016175
sample,0,0.473684,0.315789,-0.468002
sample,0,0.526316,0.315789,-0.183463
sample,0,0.578947,0.315789,0.341057
sample,0,0.631579,0.315789,-0.149423
sample,0,0.684211,0.315789,-0.185880
sample,0,0.736842,0.315789,0.087683
sample,0,0.789474,0.315789,0.262949
sample,0,0.842105,0.315789,0.492690
sample,0,0.894737,0.315789,0.142814
sample,0,0.947368,0.315789,-0.347125
sample,0,1.000000,0.315789,-0.256425
sample,0,0.000000,0.368421,0.443294
sample,0,0.052632,0.368421,-0.506205
sample,0,0.105263,0.368421,-0.218908
sample,0,0.157895,0.368421,-0.129327
sample,0,0.210526,0.368421,0.278460
sample,0,0.263158,0.368421,0.341465
sample,0,0.315789,0.368421,-0.002885
sample,0,0.368421,0.368421,-0.078975
sample,0,0.421053,0.368421,0.193045
sample,0,0.473684,0.368421,-0.120990
sample,0,0.526316,0.368421,-0.039613
sample,0,0.578947,0.368421,-0.181264
sample,0,0.631579,0.368421,-0.304591
sample,0,0.684211,0.368421,-0.461578
sample,0,0.736842,0.368421,-0.189369
sample,0,0.789474,0.368421,0.218714
sample,0,0.842105,0.368421,0.397531
sample,0,0.894737,0.368421,0.552607
sample,0,0.947368,0.368421,0.285690
sample,0,1.000000,0.368421,0.589162
sample,0,0.000000,0.421053,0.291619
sample,0,0.052632,0.421053,-0.194976
sample,0,0.105263,0.421053,0.169897
sample,0,0.157895,0.421053,0.307317
sample,0,0.210526,0.421053,-0.048164
sample,0,0.263158,0.421053,0.133911
sample,0,0.315789,0.421053,0.106963
sample,0,0.368421,0.421053,0.303880
sample,0,0.421053,0.421053,0.389192
sample,0,0.473684,0.421053,0.350519
sample,0,0.526316,0.421053,-0.055808
sample,0,0.578947,0.421053,0.145818
sample,0,0.631579,0.421053,-0.102434
sample,0,0.684211,0.421053,-0.589084
sample,0,0.736842,0.421053,-0.268076
sample,0,0.789474,0.421053,-0.362792
sample,0,0.842105,0.421053,0.335924
sample,0,0.894737,0.421053,0.212251
sample,0,0.947368,0.421053,0.340006
sample,0,1.000000,0.421053,0.680677
sample,0,0.000000,0.473684,0.093501
sample,0,0.052632,0.473684,-0.175291
sample,0,0.105263,0.473684,-0.007750
sample,0,0.157895,0.473684,-0.208587
sample,0,0.210526,0.473684,-0.323360
sample,0,0.263158,0.473684,-0.034570
sample,0,0.315789,0.473684,0.483707
sample,0,0.368421,0.473684,0.405064
sample,0,0.421053,0.473684,0.313377
sample,0,0.473684,0.473684,0.480421
sample,0,0.526316,0.473684,0.276586
sample,0,0.578947,0.473684,0.370637
sample,0,0.631579,0.473684,0.283139
sample,0,0.684211,0.473684,0.038866
sample,0,0.736842,0.473684,0.128642
sample,0,0.789474,0.473684,0.117098
sample,0,0.842105,0.473684,0.068884
sample,0,0.894737,0.473684,-0.087131
sample,0,0.947368,0.473684,0.221357
sample,0,1.000000,0.473684,0.537638
sample,0,0.000000,0.526316,-0.917527
sample,0,0.052632,0.526316,-0.427747
sample,0,0.105263,0.526316,0.213067
sample,0,0.157895,0.526316,0.008032
sample,0,0.210526,0.526316,-0.221168
sample,0,0.263158,0.526316,0.596706
sample,0,0.315789,0.526316,0.484144
sample,0,0.368421,0.526316,0.180329
sample,0,0.421053,0.526316,0.205919
sample,0,0.473684,0.526316,0.176874
sample,0,0.526316,0.526316,0.222252
sample,0,0.578947,0.526316,0.032858
sample,0,0.631579,0.526316,0.203821
sample,0,0.684211,0.526316,0.059880
sample,0,0.736842,0.526316,-0.178382
sample,0,0.789474,0.526316,0.291229
sample,0,0.842105,0.526316,0.000912
sample,0,0.894737,0.526316,-0.037212
sample,0,0.947368,0.526316,0.062575
sample,0,1.000000,0.526316,0.027782
sample,0,0.000000,0.578947,0.014842
sample,0,0.052632,0.578947,-0.100501
sample,0,0.105263,0.578947,0.169834
sample,0,0.157895,0.578947,0.125305
sample,0,0.210526,0.578947,-0.578110
sample,0,0.263158,0.578947,-0.118749
sample,0,0.315789,0.578947,-0.367087
sample,0,0.368421,0.578947,-0.239437
sample,0,0.421053,0.578947,0.102956
sample,0,0.473684,0.578947,0.349283
sample,0,0.526316,0.578947,0.331512
sample,0,0.578947,0.578947,-0.303224
sample,0,0.631579,0.578947,0.186414
sample,0,0.684211,0.578947,-0.142744
sample,0,0.736842,0.578947,-0.372340
sample,0,0.789474,0.578947,-0.018108
sample,0,0.842105,0.578947,-0.288934
sample,0,0.894737,0.578947,-0.341836
sample,0,0.947368,0.578947,-0.134255
sample,0,1.000000,0.578947,-0.105561
sample,0,0.000000,0.631579,-0.026587
sample,0,0.052632,0.631579,-0.174291
sample,0,0.105263,0.631579,-0.477545
sample,0,0.157895,0.631579,-0.362882
sample,0,0.210526,0.631579,-0.332132
sample,0,0.263158,0.631579,0.132107
sample,0,0.315789,0.631579,0.070937
sample,0,0.368421,0.631579,-0.024832
sample,0,0.421053,0.631579,0.279831
sample,0,0.473684,0.631579,0.384544
sample,0,0.526316,0.631579,0.161814
sample,0,0.578947,0.631579,-0.465720
sample,0,0.631579,0.631579,0.363184
sample,0,0.684211,0.631579,-0.038667
sample,0,0.736842,0.631579,0.174913
sample,0,0.789474,0.631579,0.205554
sample,0,0.842105,0.631579,-0.704651
sample,0,0.894737,0.631579,-0.412777
sample,0,0.947368,0.631579,-0.770478
sample,0,1.000000,0.631579,-0.542794
sample,0,0.000000,0.684211,-0.134222
sample,0,0.052632,0.684211,-0.034055
sample,0,0.105263,0.684211,-0.195091
sample,0,0.157895,0.684211,-0.311020
sample,0,0.210526,0.684211,-0.412840
sample,0,0.263158,0.684211,-0.041138
sample,0,0.315789,0.684211,0.524502
sample,0,0.368421,0.684211,0.326225
sample,0,0.421053,0.684211,0.280085
sample,0,0.473684,0.684211,0.286594
sample,0,0.526316,0.684211,0.194393
sample,0,0.578947,0.684211,0.140681
sample,0,0.631579,0.684211,0.720353
sample,0,0.684211,0.684211,0.235464
sample,0,0.736842,0.684211,-0.128379
sample,0,0.789474,0.684211,-0.177979
sample,0,0.842105,0.684211,-0.451725
sample,0,0.894737,0.684211,-0.139991
sample,0,0.947368,0.684211,-0.440910
sample,0,1.000000,0.684211,-0.933065
sample,0,0.000000,0.736842,-0.301236
sample,0,0.052632,0.736842,0.064382
sample,0,0.105263,0.736842,-0.062932
sample,0,0.157895,0.736842,-0.039437
sample,0,0.210526,0.736842,0.235474
sample,0,0.263158,0.736842,0.379429
sample,0,0.315789,0.736842,0.816931
sample,0,0.368421,0.736842,0.107504
sample,0,0.421053,0.736842,0.228716
sample,0,0.473684,0.736842,0.337395
sample,0,0.526316,0.736842,0.259930
sample,0,0.578947,0.736842,0.327293
sample,0,0.631579,0.736842,0.541841
sample,0,0.684211,0.736842,0.659115
sample,0,0.736842,0.736842,0.155978
sample,0,0.789474,0.736842,-0.117862
sample,0,0.842105,0.736842,-0.361214
sample,0,0.894737,0.736842,0.075834
sample,0,0.947368,0.736842,0.038393
sample,0,1.000000,0.736842,-0.608489
sample,0,0.000000,0.789474,-0.168976
sample,0,0.052632,0.789474,-0.052922
sample,0,0.105263,0.789474,0.099588
sample,0,0.157895,0.789474,0.234432
sample,0,0.210526,0.789474,0.033472
sample,0,0.263158,0.789474,0.255121
sample,0,0.315789,0.789474,0.655626
sample,0,0.368421,0.789474,0.359371
sample,0,0.421053,0.789474,0.415479
sample,0,0.473684,0.789474,0.378737
sample,0,0.526316,0.789474,-0.143126
sample,0,0.578947,0.789474,-0.114607
sample,0,0.631579,0.789474,0.402165
sample,0,0.684211,0.789474,-0.054924
sample,0,0.736842,0.789474,-0.051213
sample,0,0.789474,0.789474,0.061877
sample,0,0.842105,0.789474,-0.014254
sample,0,0.894737,0.789474,-0.192964
sample,0,0.947368,0.789474,-0.589265
sample,0,1.000000,0.789474,-0.639755
sample,0,0.000000,0.842105,-0.018203
sample,0,0.052632,0.842105,0.409051
sample,0,0.105263,0.842105,0.460353
sample,0,0.157895,0.842105,-0.023924
sample,0,0.210526,0.842105,0.211400
sample,0,0.263158,0.842105,-0.017579
sample,0,0.315789,0.842105,-0.045103
sample,0,0.368421,0.842105,-0.221386
sample,0,0.421053,0.842105,0.252045
sample,0,0.473684,0.842105,0.152523
sample,0,0.526316,0.842105,-0.368160
sample,0,0.578947,0.842105,-0.276305
sample,0,0.631579,0.842105,-0.215357
sample,0,0.684211,0.842105,-0.316885
sample,0,0.736842,0.842105,-0.213615
sample,0,0.789474,0.842105,-0.037968
sample,0,0.842105,0.842105,-0.020763
sample,0,0.894737,0.842105,-0.312479
sample,0,0.947368,0.842105,-0.098541
sample,0,1.000000,0.842105,-0.563068
sample,0,0.000000,0.894737,0.225940
sample,0,0.052632,0.894737,0.634391
sample,0,0.105263,0.894737,0.212254
sample,0,0.157895,0.894737,0.082248
sample,0,0.210526,0.894737,0.070821
sample,0,0.263158,0.894737,-0.130493
sample,0,0.315789,0.894737,-0.098671
sample,0,0.368421,0.894737,-0.381024
sample,0,0.421053,0.894737,0.237228
sample,0,0.473684,0.894737,-0.008590
sample,0,0.526316,0.894737,-0.255504
sample,0,0.578947,0.894737,-0.481391
sample,0,0.631579,0.894737,0.153056
sample,0,0.684211,0.894737,-0.243667
sample,0,0.736842,0.894737,-0.224054
sample,0,0.789474,0.894737,-0.315632
sample,0,0.842105,0.894737,-0.353913
sample,0,0.894737,0.894737,-0.164991
sample,0,0.947368,0.894737,-0.006423
sample,0,1.000000,0.894737,-0.635816
sample,0,0.000000,0.947368,-0.143394
sample,0,0.052632,0.947368,0.011649
sample,0,0.105263,0.947368,0.183586
sample,0,0.157895,0.947368,0.231043
sample,0,0.210526,0.947368,0.068750
sample,0,0.263158,0.947368,0.076645
sample,0,0.315789,0.947368,0.067740
sample,0,0.368421,0.947368,0.041585
sample,0,0.421053,0.947368,-0.083641
sample,0,0.473684,0.947368,-0.103744
sample,0,0.526316,0.947368,-0.344905
sample,0,0.578947,0.947368,-0.379640
sample,0,0.631579,0.947368,0.000721
sample,0,0.684211,0.947368,-0.023643
sample,0,0.736842,0.947368,0.285446
sample,0,0.789474,0.947368,0.130005
sample,0,0.842105,0.947368,-0.006039
sample,0,0.894737,0.947368,-0.201235
sample,0,0.947368,0.947368,-0.133541
sample,0,1.000000,0.947368,-0.255710
sample,0,0.000000,1.000000,-0.450849
sample,0,0.052632,1.000000,-0.298025
sample,0,0.105263,1.000000,0.241256
sample,0,0.157895,1.000000,-0.178169
sample,0,0.210526,1.000000,-0.374338
sample,0,0.263158,1.000000,-0.443948
sample,0,0.315789,1.000000,-0.150134
sample,0,0.368421,1.000000,0.342274
sample,0,0.421053,1.000000,-0.057311
sample,0,0.473684,1.000000,0.132692
sample,0,0.526316,1.000000,0.009833
sample,0,0.578947,1.000000,-0.408889
sample,0,0.631579,1.000000,0.000924
sample,0,0.684211,1.000000,-0.022358
sample,0,0.736842,1.000000,0.464755
sample,0,0.789474,1.000000,0.049678
sample,0,0.842105,1.000000,0.063163
sample,0,0.894737,1.000000,0.296431
sample,0,0.947368,1.000000,0.200695
sample,0,1.000000,1.000000,-0.117579
sample,1,0.000000,0.000000,0.028867
sample,1,0.052632,0.000000,0.367103
sample,1,0.105263,0.000000,1.161228
sample,1,0.157895,0.000000,0.580729
sample,1,0.210526,0.000000,0.374889
sample,1,0.263158,0.000000,0.138054
sample,1,0.315789,0.000000,-0.157109
sample,1,0.368421,0.000000,0.042995
sample,1,0.421053,0.000000,-0.481700
sample,1,0.473684,0.000000,-0.549137
sample,1,0.526316,0.000000,-0.555142
sample,1,0.578947,0.000000,0.420949
sample,1,0.631579,0.000000,0.209924
sample,1,0.684211,0.000000,0.201238
sample,1,0.736842,0.000000,-0.264208
sample,1,0.789474,0.000000,-0.129619
sample,1,0.842105,0.000000,-0.354819
sample,1,0.894737,0.000000,-0.345382
sample,1,0.947368,0.000000,-0.122562
sample,1,1.000000,0.000000,-0.274915
sample,1,0.000000,0.052632,0.409358
sample,1,0.052632,0.052632,0.198987
sample,1,0.105263,0.052632,0.615900
sample,1,0.157895,0.052632,0.139605
sample,1,0.210526,0.052632,0.115627
sample,1,0.263158,0.052632,0.004196
sample,1,0.315789,0.052632,-0.178576
sample,1,0.368421,0.052632,-0.141982
sample,1,0.421053,0.052632,-0.370383
sample,1,0.473684,0.052632,-0.067612
sample,1,0.526316,0.052632,0.035734
sample,1,0.578947,0.052632,0.444827
sample,1,0.631579,0.052632,0.367314
sample,1,0.684211,0.052632,0.241084
sample,1,0.736842,0.052632,-0.497536
sample,1,0.789474,0.052632,-0.416071
sample,1,0.842105,0.052632,-0.550668
sample,1,0.894737,0.052632,-0.509020
sample,1,0.947368,0.052632,-0.573602
sample,1,1.000000,0.052632,-0.345039
sample,1,0.000000,0.105263,0.194750
sample,1,0.052632,0.105263,0.413665
sample,1,0.105263,0.105263,0.467425
sample,1,0.157895,0.105263,0.036984
sample,1,0.210526,0.105263,-0.123456
sample,1,0.263158,0.105263,-0.359386
sample,1,0.315789,0.105263,-0.079590
sample,1,0.368421,0.105263,-0.491540
sample,1,0.421053,0.105263,0.065494
sample,1,0.473684,0.105263,0.129763
sample,1,0.526316,0.105263,0.253375
sample,1,0.578947,0.105263,0.339529
sample,1,0.631579,0.105263,0.155926
sample,1,0.684211,0.105263,-0.080279
sample,1,0.736842,0.105263,-0.606790
sample,1,0.789474,0.105263,-0.423009
sample,1,0.842105,0.105263,-0.446302
sample,1,0.894737,0.105263,-0.576456
sample,1,0.947368,0.105263,-0.379475
sample,1,1.000000,0.105263,0.029007
sample,1,0.000000,0.157895,0.259565
sample,1,0.052632,0.157895,0.129984
sample,1,0.105263,0.157895,0.247151
sample,1,0.157895,0.157895,-0.285268
sample,1,0.210526,0.157895,-0.327943
sample,1,0.263158,0.157895,-0.248094
sample,1,0.315789,0.157895,0.141343
sample,1,0.368421,0.157895,-0.267992
sample,1,0.421053,0.157895,-0.139768
sample,1,0.473684,0.157895,0.219952
sample,1,0.526316,0.157895,0.299307
sample,1,0.578947,0.157895,-0.237443
sample,1,0.631579,0.157895,-0.191727
sample,1,0.684211,0.157895,-0.137939
sample,1,0.736842,0.157895,-0.089637
sample,1,0.789474,0.157895,-0.597151
sample,1,0.842105,0.157895,-0.470633
sample,1,0.894737,0.157895,-0.308882
sample,1,0.947368,0.157895,0.069053
sample,1,1.000000,0.157895,-0.156174
sample,1,0.000000,0.210526,0.509640
sample,1,0.052632,0.210526,0.182193
sample,1,0.105263,0.210526,0.039942
sample,1,0.157895,0.210526,-0.206019
sample,1,0.210526,0.210526,-0.025685
sample,1,0.263158,0.210526,-0.072512
sample,1,0.315789,0.210526,0.085836
sample,1,0.368421,0.210526,-0.049914
sample,1,0.421053,0.210526,0.409992
sample,1,0.473684,0.210526,0.314991
sample,1,0.526316,0.210526,-0.022846
sample,1,0.578947,0.210526,-0.261797
sample,1,0.631579,0.210526,-0.460955
sample,1,0.684211,0.210526,-0.319294
sample,1,0.736842,0.210526,-0.339124
sample,1,0.789474,0.210526,-0.170915
sample,1,0.842105,0.210526,0.088305
sample,1,0.894737,0.210526,-0.007032
sample,1,0.947368,0.210526,0.157514
sample,1,1.000000,0.210526,0.064858
sample,1,0.000000,0.263158,0.202628
sample,1,0.052632,0.263158,0.075942
sample,1,0.105263,0.263158,0.342248
sample,1,0.157895,0.263158,0.351833
sample,1,0.210526,0.263158,0.042174
sample,1,0.263158,0.263158,-0.135908
sample,1,0.315789,0.263158,-0.099160
sample,1,0.368421,0.263158,-0.271033
sample,1,0.421053,0.263158,-0.014492
sample,1,0.473684,0.263158,-0.265675
sample,1,0.526316,0.263158,-0.655358
sample,1,0.578947,0.263158,-0.316557
sample,1,0.631579,0.263158,-0.364576
sample,1,0.684211,0.263158,-0.363592
sample,1,0.736842,0.263158,-0.126384
sample,1,0.789474,0.263158,0.069055
sample,1,0.842105,0.263158,-0.081094
sample,1,0.894737,0.263158,0.285797
sample,1,0.947368,0.263158,-0.370693
sample,1,1.000000,0.263158,-0.102183
sample,1,0.000000,0.315789,0.044921
sample,1,0.052632,0.315789,0.496963
sample,1,0.105263,0.315789,0.024110
sample,1,0.157895,0.315789,0.420759
sample,1,0.210526,0.315789,0.221176
sample,1,0.263158,0.315789,0.129868
sample,1,0.315789,0.315789,-0.111130
sample,1,0.368421,0.315789,-0.331177
sample,1,0.421053,0.315789,-0.454531
sample,1,0.473684,0.315789,-0.133881
sample,1,0.526316,0.315789,-0.589778
sample,1,0.578947,0.315789,-0.554245
sample,1,0.631579,0.315789,-0.277945
sample,1,0.684211,0.315789,0.030445
sample,1,0.736842,0.315789,-0.166248
sample,1,0.789474,0.315789,0.026564
sample,1,0.842105,0.315789,-0.248976
sample,1,0.894737,0.315789,0.040320
sample,1,0.947368,0.315789,-0.395767
sample,1,1.000000,0.315789,-0.258926
sample,1,0.000000,0.368421,0.145739
sample,1,0.052632,0.368421,0.173569
sample,1,0.105263,0.368421,0.054686
sample,1,0.157895,0.368421,0.343743
sample,1,0.210526,0.368421,-0.033195
sample,1,0.263158,0.368421,-0.206478
sample,1,0.315789,0.368421,-0.002831
sample,1,0.368421,0.368421,-0.465284
sample,1,0.421053,0.368421,-0.745798
sample,1,0.473684,0.368421,-0.356688
sample,1,0.526316,0.368421,-0.316394
sample,1,0.578947,0.368421,0.006803
sample,1,0.631579,0.368421,-0.056471
sample,1,0.684211,0.368421,0.146810
sample,1,0.736842,0.368421,-0.158780
sample,1,0.789474,0.368421,-0.341537
sample,1,0.842105,0.368421,0.160869
sample,1,0.894737,0.368421,0.157494
sample,1,0.947368,0.368421,0.114353
sample,1,1.000000,0.368421,-0.311816
sample,1,0.000000,0.421053,-0.216567
sample,1,0.052632,0.421053,-0.123544
sample,1,0.105263,0.421053,-0.194855
sample,1,0.157895,0.421053,-0.062831
sample,1,0.210526,0.421053,-0.236247
sample,1,0.263158,0.421053,-0.558042
sample,1,0.315789,0.421053,-0.130151
sample,1,0.368421,0.421053,-0.563221
sample,1,0.421053,0.421053,-0.806914
sample,1,0.473684,0.421053,0.186312
sample,1,0.526316,0.421053,-0.037990
sample,1,0.578947,0.421053,0.290931
sample,1,0.631579,0.421053,0.335166
sample,1,0.684211,0.421053,-0.027974
sample,1,0.736842,0.421053,-0.183104
sample,1,0.789474,0.421053,0.166916
sample,1,0.842105,0.421053,0.414119
sample,1,0.894737,0.421053,0.056607
sample,1,0.947368,0.421053,0.383706
sample,1,1.000000,0.421053,0.508541
sample,1,0.000000,0.473684,0.261702
sample,1,0.052632,0.473684,-0.054112
sample,1,0.105263,0.473684,-0.238695
sample,1,0.157895,0.473684,-0.190751
sample,1,0.210526,0.473684,-0.278049
sample,1,0.263158,0.473684,-0.021055
sample,1,0.315789,0.473684,0.003120
sample,1,0.368421,0.473684,-0.460298
sample,1,0.421053,0.473684,-0.581308
sample,1,0.473684,0.473684,-0.092579
sample,1,0.526316,0.473684,-0.202862
sample,1,0.578947,0.473684,0.287333
sample,1,0.631579,0.473684,0.483501
sample,1,0.684211,0.473684,0.087148
sample,1,0.736842,0.473684,0.059335
sample,1,0.789474,0.473684,0.002489
sample,1,0.842105,0.473684,0.021416
sample,1,0.894737,0.473684,0.020597
sample,1,0.947368,0.473684,-0.067122
sample,1,1.000000,0.473684,0.263057
sample,1,0.000000,0.526316,0.420155
sample,1,0.052632,0.526316,-0.364076
sample,1,0.105263,0.526316,-0.148590
sample,1,0.157895,0.526316,-0.101295
sample,1,0.210526,0.526316,0.052504
sample,1,0.263158,0.526316,-0.079938
sample,1,0.315789,0.526316,0.031599
sample,1,0.368421,0.526316,-0.306696
sample,1,0.421053,0.526316,-0.427937
sample,1,0.473684,0.526316,-0.106759
sample,1,0.526316,0.526316,0.375377
sample,1,0.578947,0.526316,0.539774
sample,1,0.631579,0.526316,0.493785
sample,1,0.684211,0.526316,0.510324
sample,1,0.736842,0.526316,0.055675
sample,1,0.789474,0.526316,0.180992
sample,1,0.842105,0.526316,0.106979
sample,1,0.894737,0.526316,0.315212
sample,1,0.947368,0.526316,0.229204
sample,1,1.000000,0.526316,0.685843
sample,1,0.000000,0.578947,-0.007305
sample,1,0.052632,0.578947,-0.422529
sample,1,0.105263,0.578947,-0.211166
sample,1,0.157895,0.578947,-0.332325
sample,1,0.210526,0.578947,-0.199452
sample,1,0.263158,0.578947,0.280855
sample,1,0.315789,0.578947,0.006090
sample,1,0.368421,0.578947,-0.087939
sample,1,0.421053,0.578947,0.002260
sample,1,0.473684,0.578947,0.180730
sample,1,0.526316,0.578947,0.407918
sample,1,0.578947,0.578947,0.360442
sample,1,0.631579,0.578947,0.296790
sample,1,0.684211,0.578947,0.495702
sample,1,0.736842,0.578947,-0.068083
sample,1,0.789474,0.578947,0.591746
sample,1,0.842105,0.578947,0.422502
sample,1,0.894737,0.578947,0.333233
sample,1,0.947368,0.578947,0.276156
sample,1,1.000000,0.578947,0.584940
sample,1,0.000000,0.631579,-0.317325
sample,1,0.052632,0.631579,-0.291193
sample,1,0.105263,0.631579,-0.378446
sample,1,0.157895,0.631579,-0.390513
sample,1,0.210526,0.631579,0.002537
sample,1,0.263158,0.631579,0.380701
sample,1,0.315789,0.631579,0.557307
sample,1,0.368421,0.631579,-0.069265
sample,1,0.421053,0.631579,-0.259512
sample,1,0.473684,0.631579,-0.057638
sample,1,0.526316,0.631579,0.370499
sample,1,0.578947,0.631579,0.677705
sample,1,0.631579,0.631579,0.587827
sample,1,0.684211,0.631579,0.765515
sample,1,0.736842,0.631579,0.230726
sample,1,0.789474,0.631579,0.272082
sample,1,0.842105,0.631579,0.210652
sample,1,0.894737,0.631579,0.280736
sample,1,0.947368,0.631579,0.191608
sample,1,1.000000,0.631579,0.270194
sample,1,0.000000,0.684211,0.059700
sample,1,0.052632,0.684211,-0.739045
sample,1,0.105263,0.684211,-0.702681
sample,1,0.157895,0.684211,-0.237804
sample,1,0.210526,0.684211,0.018897
sample,1,0.263158,0.684211,0.093232
sample,1,0.315789,0.684211,0.261513
sample,1,0.368421,0.684211,-0.061033
sample,1,0.421053,0.684211,-0.209611
sample,1,0.473684,0.684211,0.170935
sample,1,0.526316,0.684211,0.421180
sample,1,0.578947,0.684211,0.498038
sample,1,0.631579,0.684211,0.184638
sample,1,0.684211,0.684211,0.566257
sample,1,0.736842,0.684211,0.581980
sample,1,0.789474,0.684211,0.274304
sample,1,0.842105,0.684211,0.155492
sample,1,0.894737,0.684211,-0.096798
sample,1,0.947368,0.684211,0.713149
sample,1,1.000000,0.684211,1.178460
sample,1,0.000000,0.736842,-0.140477
sample,1,0.052632,0.736842,-0.106565
sample,1,0.105263,0.736842,-0.521437
sample,1,0.157895,0.736842,0.173155
sample,1,0.210526,0.736842,0.050576
sample,1,0.263158,0.736842,0.095338
sample,1,0.315789,0.736842,0.351108
sample,1,0.368421,0.736842,0.342552
sample,1,0.421053,0.736842,-0.044336
sample,1,0.473684,0.736842,-0.039867
sample,1,0.526316,0.736842,0.065206
sample,1,0.578947,0.736842,0.295006
sample,1,0.631579,0.736842,-0.272902
sample,1,0.684211,0.736842,-0.006822
sample,1,0.736842,0.736842,0.691382
sample,1,0.789474,0.736842,0.951017
sample,1,0.842105,0.736842,0.693998
sample,1,0.894737,0.736842,-0.064275
sample,1,0.947368,0.736842,0.475917
sample,1,1.000000,0.736842,0.533662
sample,1,0.000000,0.789474,0.316084
sample,1,0.052632,0.789474,-0.244580
sample,1,0.105263,0.789474,-0.234862
sample,1,0.157895,0.789474,-0.293264
sample,1,0.210526,0.789474,-0.498511
sample,1,0.263158,0.789474,0.238182
sample,1,0.315789,0.789474,0.291350
sample,1,0.368421,0.789474,0.308803
sample,1,0.421053,0.789474,-0.340500
sample,1,0.473684,0.789474,-0.159393
sample,1,0.526316,0.789474,0.006314
sample,1,0.578947,0.789474,0.080405
sample,1,0.631579,0.789474,-0.212805
sample,1,0.684211,0.789474,0.088982
sample,1,0.736842,0.789474,0.401255
sample,1,0.789474,0.789474,0.771850
sample,1,0.842105,0.789474,0.750595
sample,1,0.894737,0.789474,0.382562
sample,1,0.947368,0.789474,0.414356
sample,1,1.000000,0.789474,0.327280
sample,1,0.000000,0.842105,-0.140677
sample,1,0.052632,0.842105,-0.204146
sample,1,0.105263,0.842105,-0.360730
sample,1,0.157895,0.842105,-0.337814
sample,1,0.210526,0.842105,-0.487985
sample,1,0.263158,0.842105,-0.554569
sample,1,0.315789,0.842105,-0.235603
sample,1,0.368421,0.842105,-0.115940
sample,1,0.421053,0.842105,0.138641
sample,1,0.473684,0.842105,-0.218756
sample,1,0.526316,0.842105,0.416781
sample,1,0.578947,0.842105,0.150612
sample,1,0.631579,0.842105,0.059655
sample,1,0.684211,0.842105,0.075382
sample,1,0.736842,0.842105,0.213968
sample,1,0.789474,0.842105,0.518070
sample,1,0.842105,0.842105,0.090569
sample,1,0.894737,0.842105,0.283961
sample,1,0.947368,0.842105,0.168285
sample,1,1.000000,0.842105,-0.240753
sample,1,0.000000,0.894737,0.278598
sample,1,0.052632,0.894737,0.008675
sample,1,0.105263,0.894737,0.053090
sample,1,0.157895,0.894737,-0.363601
sample,1,0.210526,0.894737,-0.838222
sample,1,0.263158,0.894737,-0.419353
sample,1,0.315789,0.894737,-0.379471
sample,1,0.368421,0.894737,0.075576
sample,1,0.421053,0.894737,0.213713
sample,1,0.473684,0.894737,-0.026236
sample,1,0.526316,0.894737,0.484594
sample,1,0.578947,0.894737,0.175469
sample,1,0.631579,0.894737,0.040692
sample,1,0.684211,0.894737,0.259410
sample,1,0.736842,0.894737,0.308781
sample,1,0.789474,0.894737,0.370409
sample,1,0.842105,0.894737,0.380280
sample,1,0.894737,0.894737,-0.073375
sample,1,0.947368,0.894737,-0.116164
sample,1,1.000000,0.894737,-0.106965
sample,1,0.000000,0.947368,0.860906
sample,1,0.052632,0.947368,0.323592
sample,1,0.105263,0.947368,0.314895
sample,1,0.157895,0.947368,0.151448
sample,1,0.210526,0.947368,-0.327206
sample,1,0.263158,0.947368,0.180746
sample,1,0.315789,0.947368,0.189586
sample,1,0.368421,0.947368,0.227462
sample,1,0.421053,0.947368,0.057565
sample,1,0.473684,0.947368,-0.141433
sample,1,0.526316,0.947368,0.194627
sample,1,0.578947,0.947368,0.129081
sample,1,0.631579,0.947368,-0.077907
sample,1,0.684211,0.947368,-0.232612
sample,1,0.736842,0.947368,0.139580
sample,1,0.789474,0.947368,0.225166
sample,1,0.842105,0.947368,0.073862
sample,1,0.894737,0.947368,0.068995
sample,1,0.947368,0.947368,0.279819
sample,1,1.000000,0.947368,0.033586
sample,1,0.000000,1.000000,0.733638
sample,1,0.052632,1.000000,0.706226
sample,1,0.105263,1.000000,0.606363
sample,1,0.157895,1.000000,0.588804
sample,1,0.210526,1.000000,0.047163
sample,1,0.263158,1.000000,0.059781
sample,1,0.315789,1.000000,0.595675
sample,1,0.368421,1.000000,0.029865
sample,1,0.421053,1.000000,-0.342004
sample,1,0.473684,1.000000,-0.092279
sample,1,0.526316,1.000000,0.115534
sample,1,0.578947,1.000000,0.074259
sample,1,0.631579,1.000000,0.254953
sample,1,0.684211,1.000000,0.425883
sample,1,0.736842,1.000000,0.724000
sample,1,0.789474,1.000000,0.162199
sample,1,0.842105,1.000000,0.386800
sample,1,0.894737,1.000000,-0.056572
sample,1,0.947368,1.000000,0.303621
sample,1,1.000000,1.000000,0.182192
sample,2,0.000000,0.000000,0.388460
sample,2,0.052632,0.000000,0.266034
sample,2,0.105263,0.000000,0.520870
sample,2,0.157895,0.000000,0.216592
sample,2,0.210526,0.000000,-0.132154
sample,2,0.263158,0.000000,-0.250590
sample,2,0.315789,0.000000,-0.155174
sample,2,0.368421,0.000000,0.132980
sample,2,0.421053,0.000000,0.172751
sample,2,0.473684,0.000000,-0.237854
sample,2,0.526316,0.000000,-0.501935
sample,2,0.578947,0.000000,-0.398950
sample,2,0.631579,0.000000,-0.033273
sample,2,0.684211,0.000000,0.143423
sample,2,0.736842,0.000000,-0.066515
sample,2,0.789474,0.000000,0.384150
sample,2,0.842105,0.000000,0.799478
sample,2,0.894737,0.000000,0.372985
sample,2,0.947368,0.000000,0.095725
sample,2,1.000000,0.000000,0.076746
sample,2,0.000000,0.052632,0.026373
sample,2,0.052632,0.052632,-0.033834
sample,2,0.105263,0.052632,0.089354
sample,2,0.157895,0.052632,-0.010661
sample,2,0.210526,0.052632,-0.117527
sample,2,0.263158,0.052632,0.048644
sample,2,0.315789,0.052632,-0.266540
sample,2,0.368421,0.052632,-0.039544
sample,2,0.421053,0.052632,-0.197943
sample,2,0.473684,0.052632,-0.169837
sample,2,0.526316,0.052632,-0.560991
sample,2,0.578947,0.052632,-0.171307
sample,2,0.631579,0.052632,0.537831
sample,2,0.684211,0.052632,0.634024
sample,2,0.736842,0.052632,0.187997
sample,2,0.789474,0.052632,-0.176996
sample,2,0.842105,0.052632,0.018764
sample,2,0.894737,0.052632,-0.010412
sample,2,0.947368,0.052632,0.473043
sample,2,1.000000,0.052632,0.240907
sample,2,0.000000,0.105263,-0.105546
sample,2,0.052632,0.105263,-0.038080
sample,2,0.105263,0.105263,0.517435
sample,2,0.157895,0.105263,0.601192
sample,2,0.210526,0.105263,0.598346
sample,2,0.263158,0.105263,0.489025
sample,2,0.315789,0.105263,-0.402958
sample,2,0.368421,0.105263,-0.072046
sample,2,0.421053,0.105263,-0.211702
sample,2,0.473684,0.105263,0.192561
sample,2,0.526316,0.105263,-0.281551
sample,2,0.578947,0.105263,0.108576
sample,2,0.631579,0.105263,0.512531
sample,2,0.684211,0.105263,0.026550
sample,2,0.736842,0.105263,-0.351052
sample,2,0.789474,0.105263,-0.289726
sample,2,0.842105,0.105263,-0.125226
sample,2,0.894737,0.105263,-0.175180
sample,2,0.947368,0.105263,-0.288402
sample,2,1.000000,0.105263,-0.095751
sample,2,0.000000,0.157895,0.036473
sample,2,0.052632,0.157895,0.058453
sample,2,0.105263,0.157895,0.010537
sample,2,0.157895,0.157895,0.445253
sample,2,0.210526,0.157895,0.421919
sample,2,0.263158,0.157895,0.334954
sample,2,0.315789,0.157895,-0.022879
sample,2,0.368421,0.157895,0.109472
sample,2,0.421053,0.157895,-0.228252
sample,2,0.473684,0.157895,-0.021799
sample,2,0.526316,0.157895,0.306836
sample,2,0.578947,0.157895,0.582400
sample,2,0.631579,0.157895,0.977402
sample,2,0.684211,0.157895,0.557891
sample,2,0.736842,0.157895,-0.116339
sample,2,0.789474,0.157895,-0.040033
sample,2,0.842105,0.157895,0.096355
sample,2,0.894737,0.157895,-0.134448
sample,2,0.947368,0.157895,-0.142899
sample,2,1.000000,0.157895,-0.073991
sample,2,0.000000,0.210526,0.189776
sample,2,0.052632,0.210526,-0.112472
sample,2,0.105263,0.210526,0.536157
sample,2,0.157895,0.210526,0.683386
sample,2,0.210526,0.210526,0.623640
sample,2,0.263158,0.210526,0.131824
sample,2,0.315789,0.210526,-0.028810
sample,2,0.368421,0.210526,-0.144979
sample,2,0.421053,0.210526,0.102814
sample,2,0.473684,0.210526,-0.247305
sample,2,0.526316,0.210526,-0.314236
sample,2,0.578947,0.210526,0.542417
sample,2,0.631579,0.210526,0.633153
sample,2,0.684211,0.210526,0.416324
sample,2,0.736842,0.210526,-0.141176
sample,2,0.789474,0.210526,-0.132695
sample,2,0.842105,0.210526,0.263795
sample,2,0.894737,0.210526,0.301696
sample,2,0.947368,0.210526,0.168090
sample,2,1.000000,0.210526,0.141405
sample,2,0.000000,0.263158,0.118873
sample,2,0.052632,0.263158,0.307990
sample,2,0.105263,0.263158,0.655111
sample,2,0.157895,0.263158,0.476559
sample,2,0.210526,0.263158,0.057119
sample,2,0.263158,0.263158,-0.083387
sample,2,0.315789,0.263158,-0.137802
sample,2,0.368421,0.263158,-0.072303
sample,2,0.421053,0.263158,0.164449
sample,2,0.473684,0.263158,-0.056241
sample,2,0.526316,0.263158,0.015481
sample,2,0.578947,0.263158,-0.011932
sample,2,0.631579,0.263158,-0.019459
sample,2,0.684211,0.263158,0.539737
sample,2,0.736842,0.263158,0.028920
sample,2,0.789474,0.263158,-0.264795
sample,2,0.842105,0.263158,-0.226474
sample,2,0.894737,0.263158,-0.008818
sample,2,0.947368,0.263158,0.436464
sample,2,1.000000,0.263158,-0.105947
sample,2,0.000000,0.315789,0.514695
sample,2,0.052632,0.315789,-0.029266
sample,2,0.105263,0.315789,-0.030352
sample,2,0.157895,0.315789,-0.273948
sample,2,0.210526,0.315789,-0.665365
sample,2,0.263158,0.315789,-0.366530
sample,2,0.315789,0.315789,-0.244887
sample,2,0.368421,0.315789,0.382284
sample,2,0.421053,0.315789,0.231717
sample,2,0.473684,0.315789,0.228274
sample,2,0.526316,0.315789,0.408526
sample,2,0.578947,0.315789,0.622785
sample,2,0.631579,0.315789,0.346998
sample,2,0.684211,0.315789,0.236661
sample,2,0.736842,0.315789,0.153866
sample,2,0.789474,0.315789,0.094439
sample,2,0.842105,0.315789,0.062835
sample,2,0.894737,0.315789,0.090304
sample,2,0.947368,0.315789,-0.373554
sample,2,1.000000,0.315789,-0.195803
sample,2,0.000000,0.368421,0.602752
sample,2,0.052632,0.368421,-0.045237
sample,2,0.105263,0.368421,-0.405969
sample,2,0.157895,0.368421,-0.565591
sample,2,0.210526,0.368421,-0.255978
sample,2,0.263158,0.368421,-0.008930
sample,2,0.315789,0.368421,-0.177083
sample,2,0.368421,0.368421,0.234592
sample,2,0.421053,0.368421,0.397531
sample,2,0.473684,0.368421,0.093165
sample,2,0.526316,0.368421,0.006340
sample,2,0.578947,0.368421,0.175208
sample,2,0.631579,0.368421,0.410000
sample,2,0.684211,0.368421,0.116097
sample,2,0.736842,0.368421,0.221570
sample,2,0.789474,0.368421,0.021853
sample,2,0.842105,0.368421,-0.324874
sample,2,0.894737,0.368421,-0.326277
sample,2,0.947368,0.368421,-0.064855
sample,2,1.000000,0.368421,-0.543771
sample,2,0.000000,0.421053,0.765456
sample,2,0.052632,0.421053,0.025865
sample,2,0.105263,0.421053,-0.315101
sample,2,0.157895,0.421053,-0.140809
sample,2,0.210526,0.421053,-0.075693
sample,2,0.263158,0.421053,-0.015788
sample,2,0.315789,0.421053,0.339410
sample,2,0.368421,0.421053,0.149153
sample,2,0.421053,0.421053,0.220018
sample,2,0.473684,0.421053,0.229779
sample,2,0.526316,0.421053,-0.095796
sample,2,0.578947,0.421053,-0.138371
sample,2,0.631579,0.421053,0.417254
sample,2,0.684211,0.421053,-0.005215
sample,2,0.736842,0.421053,-0.323692
sample,2,0.789474,0.421053,-0.142649
sample,2,0.842105,0.421053,-0.150668
sample,2,0.894737,0.421053,0.182392
sample,2,0.947368,0.421053,-0.017220
sample,2,1.000000,0.421053,-0.135251
sample,2,0.000000,0.473684,0.628519
sample,2,0.052632,0.473684,0.310281
sample,2,0.105263,0.473684,-0.596946
sample,2,0.157895,0.473684,-0.716427
sample,2,0.210526,0.473684,-0.243309
sample,2,0.263158,0.473684,-0.049820
sample,2,0.315789,0.473684,0.461660
sample,2,0.368421,0.473684,0.573776
sample,2,0.421053,0.473684,-0.179609
sample,2,0.473684,0.473684,0.050386
sample,2,0.526316,0.473684,-0.137701
sample,2,0.578947,0.473684,-0.339048
sample,2,0.631579,0.473684,0.208682
sample,2,0.684211,0.473684,0.071066
sample,2,0.736842,0.473684,-0.051859
sample,2,0.789474,0.473684,0.274183
sample,2,0.842105,0.473684,0.189667
sample,2,0.894737,0.473684,0.368570
sample,2,0.947368,0.473684,-0.352399
sample,2,1.000000,0.473684,-0.391040
sample,2,0.000000,0.526316,0.464030
sample,2,0.052632,0.526316,0.441999
sample,2,0.105263,0.526316,0.087130
sample,2,0.157895,0.526316,-0.107413
sample,2,0.210526,0.526316,0.190314
sample,2,0.263158,0.526316,-0.265393
sample,2,0.315789,0.526316,-0.158367
sample,2,0.368421,0.526316,-0.227383
sample,2,0.421053,0.526316,-0.127131
sample,2,0.473684,0.526316,-0.026011
sample,2,0.526316,0.526316,0.064838
sample,2,0.578947,0.526316,0.161655
sample,2,0.631579,0.526316,0.289889
sample,2,0.684211,0.526316,0.229770
sample,2,0.736842,0.526316,-0.168268
sample,2,0.789474,0.526316,0.403095
sample,2,0.842105,0.526316,0.519768
sample,2,0.894737,0.526316,0.110410
sample,2,0.947368,0.526316,-0.220606
sample,2,1.000000,0.526316,-0.520381
sample,2,0.000000,0.578947,0.168518
sample,2,0.052632,0.578947,0.256608
sample,2,0.105263,0.578947,0.049503
sample,2,0.157895,0.578947,-0.175926
sample,2,0.210526,0.578947,-0.643834
sample,2,0.263158,0.578947,-0.334370
sample,2,0.315789,0.578947,-0.297979
sample,2,0.368421,0.578947,-0.397603
sample,2,0.421053,0.578947,-0.031390
sample,2,0.473684,0.578947,-0.025678
sample,2,0.526316,0.578947,-0.059401
sample,2,0.578947,0.578947,-0.440642
sample,2,0.631579,0.578947,-0.334866
sample,2,0.684211,0.578947,-0.447711
sample,2,0.736842,0.578947,-0.144183
sample,2,0.789474,0.578947,0.246216
sample,2,0.842105,0.578947,-0.014478
sample,2,0.894737,0.578947,0.124729
sample,2,0.947368,0.578947,0.088893
sample,2,1.000000,0.578947,-0.207149
sample,2,0.000000,0.631579,-0.330894
sample,2,0.052632,0.631579,-0.087148
sample,2,0.105263,0.631579,-0.003060
sample,2,0.157895,0.631579,-0.080087
sample,2,0.210526,0.631579,0.034688
sample,2,0.263158,0.631579,-0.206510
sample,2,0.315789,0.631579,-0.315290
sample,2,0.368421,0.631579,0.056496
sample,2,0.421053,0.631579,-0.137408
sample,2,0.473684,0.631579,-0.307724
sample,2,0.526316,0.631579,-0.299344
sample,2,0.578947,0.631579,-0.339658
sample,2,0.631579,0.631579,-0.396823
sample,2,0.684211,0.631579,-0.019372
sample,2,0.736842,0.631579,-0.012858
sample,2,0.789474,0.631579,0.270251
sample,2,0.842105,0.631579,-0.121058
sample,2,0.894737,0.631579,-0.136607
sample,2,0.947368,0.631579,-0.141878
sample,2,1.000000,0.631579,0.276935
sample,2,0.000000,0.684211,0.094131
sample,2,0.052632,0.684211,-0.217339
sample,2,0.105263,0.684211,0.196027
sample,2,0.157895,0.684211,0.234944
sample,2,0.210526,0.684211,-0.075891
sample,2,0.263158,0.684211,-0.199288
sample,2,0.315789,0.684211,-0.677331
sample,2,0.368421,0.684211,-0.452339
sample,2,0.421053,0.684211,-0.283333
sample,2,0.473684,0.684211,-0.216125
sample,2,0.526316,0.684211,0.022485
sample,2,0.578947,0.684211,-0.288655
sample,2,0.631579,0.684211,-0.177695
sample,2,0.684211,0.684211,0.345240
sample,2,0.736842,0.684211,0.179687
sample,2,0.789474,0.684211,0.498689
sample,2,0.842105,0.684211,-0.373593
sample,2,0.894737,0.684211,-0.194087
sample,2,0.947368,0.684211,0.192442
sample,2,1.000000,0.684211,0.443508
sample,2,0.000000,0.736842,0.515204
sample,2,0.052632,0.736842,-0.021109
sample,2,0.105263,0.736842,0.398640
sample,2,0.157895,0.736842,0.367736
sample,2,0.210526,0.736842,0.125744
sample,2,0.263158,0.736842,0.001594
sample,2,0.315789,0.736842,-0.565491
sample,2,0.368421,0.736842,-0.606332
sample,2,0.421053,0.736842,-0.446803
sample,2,0.473684,0.736842,-0.541892
sample,2,0.526316,0.736842,-0.084376
sample,2,0.578947,0.736842,-0.358000
sample,2,0.631579,0.736842,0.026930
sample,2,0.684211,0.736842,0.573613
sample,2,0.736842,0.736842,0.737162
sample,2,0.789474,0.736842,0.653150
sample,2,0.842105,0.736842,0.013681
sample,2,0.894737,0.736842,-0.043322
sample,2,0.947368,0.736842,0.131004
sample,2,1.000000,0.736842,-0.033753
sample,2,0.000000,0.789474,0.249452
sample,2,0.052632,0.789474,0.205205
sample,2,0.105263,0.789474,0.393348
sample,2,0.157895,0.789474,0.608852
sample,2,0.210526,0.789474,0.530288
sample,2,0.263158,0.789474,0.224303
sample,2,0.315789,0.789474,-0.672975
sample,2,0.368421,0.789474,-0.865120
sample,2,0.421053,0.789474,-0.392989
sample,2,0.473684,0.789474,-0.412777
sample,2,0.526316,0.789474,-0.078531
sample,2,0.578947,0.789474,-0.125865
sample,2,0.631579,0.789474,-0.218039
sample,2,0.684211,0.789474,0.578473
sample,2,0.736842,0.789474,0.185092
sample,2,0.789474,0.789474,0.398054
sample,2,0.842105,0.789474,-0.090983
sample,2,0.894737,0.789474,0.194288
sample,2,0.947368,0.789474,0.254523
sample,2,1.000000,0.789474,0.587151
sample,2,0.000000,0.842105,0.158481
sample,2,0.052632,0.842105,-0.065434
sample,2,0.105263,0.842105,0.426139
sample,2,0.157895,0.842105,0.771960
sample,2,0.210526,0.842105,0.436302
sample,2,0.263158,0.842105,-0.181735
sample,2,0.315789,0.842105,-0.323906
sample,2,0.368421,0.842105,-0.876003
sample,2,0.421053,0.842105,-0.528353
sample,2,0.473684,0.842105,-0.033715
sample,2,0.526316,0.842105,0.066044
sample,2,0.578947,0.842105,-0.221103
sample,2,0.631579,0.842105,-0.095038
sample,2,0.684211,0.842105,0.142909
sample,2,0.736842,0.842105,0.065454
sample,2,0.789474,0.842105,-0.145044
sample,2,0.842105,0.842105,-0.121521
sample,2,0.894737,0.842105,0.107079
sample,2,0.947368,0.842105,-0.063194
sample,2,1.000000,0.842105,0.202214
sample,2,0.000000,0.894737,-0.207320
sample,2,0.052632,0.894737,0.037204
sample,2,0.105263,0.894737,0.425410
sample,2,0.157895,0.894737,0.210050
sample,2,0.210526,0.894737,0.473803
sample,2,0.263158,0.894737,0.092953
sample,2,0.315789,0.894737,-0.028937
sample,2,0.368421,0.894737,-0.659278
sample,2,0.421053,0.894737,-0.708430
sample,2,0.473684,0.894737,-0.095605
sample,2,0.526316,0.894737,0.041401
sample,2,0.578947,0.894737,-0.197806
sample,2,0.631579,0.894737,-0.153888
sample,2,0.684211,0.894737,-0.015496
sample,2,0.736842,0.894737,0.384207
sample,2,0.789474,0.894737,0.366196
sample,2,0.842105,0.894737,0.196049
sample,2,0.894737,0.894737,0.023480
sample,2,0.947368,0.894737,0.170693
sample,2,1.000000,0.894737,-0.072854
sample,2,0.000000,0.947368,0.136349
sample,2,0.052632,0.947368,0.096455
sample,2,0.105263,0.947368,0.594968
sample,2,0.157895,0.947368,0.293526
sample,2,0.210526,0.947368,0.095988
sample,2,0.263158,0.947368,0.202478
sample,2,0.315789,0.947368,-0.184161
sample,2,0.368421,0.947368,-0.554907
sample,2,0.421053,0.947368,-0.288713
sample,2,0.473684,0.947368,0.070127
sample,2,0.526316,0.947368,-0.198164
sample,2,0.578947,0.947368,0.225544
sample,2,0.631579,0.947368,-0.070929
sample,2,0.684211,0.947368,0.085097
sample,2,0.736842,0.947368,0.277147
sample,2,0.789474,0.947368,0.466510
sample,2,0.842105,0.947368,-0.049992
sample,2,0.894737,0.947368,-0.241131
sample,2,0.947368,0.947368,0.157335
sample,2,1.000000,0.947368,-0.448561
sample,2,0.000000,1.000000,0.383958
sample,2,0.052632,1.000000,0.184086
sample,2,0.105263,1.000000,0.025654
sample,2,0.157895,1.000000,-0.044853
sample,2,0.210526,1.000000,-0.495701
sample,2,0.263158,1.000000,-0.245080
sample,2,0.315789,1.000000,-0.347750
sample,2,0.368421,1.000000,-0.328988
sample,2,0.421053,1.000000,-0.812703
sample,2,0.473684,1.000000,-0.629280
sample,2,0.526316,1.000000,-0.486095
sample,2,0.578947,1.000000,0.336505
sample,2,0.631579,1.000000,0.378050
sample,2,0.684211,1.000000,0.381677
sample,2,0.736842,1.000000,0.904389
sample,2,0.789474,1.000000,0.570118
sample,2,0.842105,1.000000,0.345653
sample,2,0.894737,1.000000,-0.200280
sample,2,0.947368,1.000000,0.222353
sample,2,1.000000,1.000000,-0.078155
